{"b62sGwXviPkLNicJ3WMPsw==":"1-225x225.png","9xzv5n1V3RvtD8WgDJwb+A==":"3-176x176.png","49o2fGku2/9WvGLpBu9U5A==":"seidmann%20institute-1920x1080.png","kNdOGythyHcLfjIfd0Xdbg==":"seidmann%20institute%202-1920x1080.png","/+d2UwOAGV3Yo3+CH7fWBg==":"2%20f-727x609.png","MVXp02fl/L/nfIbA/mGXzQ==":"mbr-742x557.jpg","YeXzbz7JJJcn+XY0vqRvwg==":"mbr-727x383.png","pa2DitrSQom+x1pwTmaIcw==":"mbr-1-742x557.jpg","80MPB/9bCe0q2ANuUp7zgw==":"mbr-1920x1194.jpg","X7Cm3UtVf9oHlMH8Y+aM3w==":"whatsapp%20image%202022-09-13%20at%2020.46.09-1200x1200.jpg","bPuK49rWldNyTORyNHG6yw==":"whatsapp%20image%202022-09-13%20at%2020.46.09-1200x1200.jpeg","JwEC79UhBl0qy0EKHeJtRw==":"mbr-1504x1046.png","arj7n52HkbTJ+KGGBbwoSA==":"foto%20de%20perfil%20com%20bal%C3%B5es%20de%20fala%20para%20professor%20de%20cursos%20vermelho%20e%20azul-1504x1504.png","lLOlgd81WWCZB/be/NBF+g==":"23-1504x1504.png","TO9luHi61Okwy4LKNLbDNg==":"24-1504x1504.png","qY+85+RGkIo3M/ARQJDCLQ==":"couro%20%20leather-1410x2250.jpeg","E+KSGzlJQ9Dm2YehOYcr3w==":"bussines%20book-780x1245.png","uQGccmMrHpXkF600xPhkXQ==":"bussines%20book-780x1245.png","m7lNKJD13O60bmifzVSS3w==":"whatsapp%20image%202023-12-01%20at%2017.14.00-620x465.jpg","OvVcyhxub4loZhCZ21eSdg==":"whatsapp%20image%202023-12-01%20at%2017.14.00-1280x960.jpg","Awh7XwIaf+4WoUiZoPUgxA==":"bussines%20book-620x989.png","je5KAwc2dXuV/ivPRp1SKg==":"couro%20%20leather-1410x2250.jpg","+HX/Q4ezUxSIswYrFBQ/4A==":"couro%20%20leather-780x1245.jpg","ivmJMX03/Au27KYKTMccRA==":"couro%20%20leather-780x1245.jpeg","6+qVOi6iklwjMqizjy1cAA==":"whatsapp%20image%202023-12-01%20at%2017.14.00-352x264.jpg","O4B88SsI7HafGHIst4U6yw==":"couro%20%20leather-352x562.jpg","VVKW+B+0N0A/iYQ2KF7o9Q==":"couro%20%20leather-352x562.jpeg","+Cx8FOmTMKH2y3ra/uyxtw==":"couro%20%20leather-352x562.jpeg","bZBieGNdvCetEF1MOhZcpw==":"couro%20%20leather-352x562.jpeg","23981uiZfxJI6o85S/Y2pw==":"bussines%20book-352x562.png","CUR23t7RYIK/JX90bxVTtg==":"background1-1.jpg","QSSh/TKxkp3aXmULZG9VsQ==":"signature.png","qj3ZRgrWHiXDuatNac35xw==":"background1-2.jpg","o0tdHLw9ITJNAaClyhUTXQ==":"mbr-620x413.jpg","qiCDCAfIls7aGZoDQwDgfg==":"mbr-1504x846.jpg","p5nFOrd1QNMdhpfRkTs9hA==":"mbr-780x520.jpg"}